[
  {
    "title": "Title 1",
    "body": "<p>Lorem ipsum dolor sit amet, consectetur adipiscing elit, sed do eiusmod tempor incididunt ut labore et dolore magna aliqua. Bibendum ut tristique et egestas quis ipsum suspendisse ultrices. Nec nam aliquam sem et tortor. Ut tortor pretium viverra suspendisse potenti nullam ac tortor. Nibh sit amet commodo nulla facilisi nullam vehicula ipsum. Euismod elementum nisi quis eleifend quam adipiscing. Proin sed libero enim sed faucibus turpis in. Amet aliquam id diam maecenas ultricies mi eget mauris. Nisl tincidunt eget nullam non nisi est sit amet facilisis. Sit amet massa vitae tortor condimentum lacinia quis vel. Mattis ullamcorper velit sed ullamcorper morbi tincidunt ornare. In fermentum posuere urna nec tincidunt praesent semper feugiat nibh. Eget est lorem ipsum dolor sit amet consectetur adipiscing. Odio euismod lacinia at quis. Sit amet consectetur adipiscing elit pellentesque. Magnis dis parturient montes nascetur ridiculus. Felis donec et odio pellentesque diam. Pulvinar elementum integer enim neque.<p/><p>Facilisi etiam dignissim diam quis enim lobortis scelerisque. Ullamcorper velit sed ullamcorper morbi. Nec dui nunc mattis enim ut tellus elementum. Rhoncus mattis rhoncus urna neque viverra justo nec ultrices. Fames ac turpis egestas maecenas pharetra convallis posuere morbi. Id volutpat lacus laoreet non curabitur gravida arcu. Est pellentesque elit ullamcorper dignissim cras tincidunt. Dapibus ultrices in iaculis nunc sed augue lacus viverra vitae. Quis ipsum suspendisse ultrices gravida. Et sollicitudin ac orci phasellus egestas tellus. Congue nisi vitae suscipit tellus mauris. Turpis massa tincidunt dui ut ornare. Porta nibh venenatis cras sed felis eget velit aliquet sagittis. Enim blandit volutpat maecenas volutpat blandit aliquam etiam erat velit. Donec pretium vulputate sapien nec. Eget sit amet tellus cras adipiscing. Sed id semper risus in hendrerit gravida rutrum quisque.</p>",
    "when": "Sep. 10 2023",
    "tags": ["personal", "work", "university"]
  },
  {
    "title": "Title 1",
    "body": "<p>Lorem ipsum dolor sit amet, consectetur adipiscing elit, sed do eiusmod tempor incididunt ut labore et dolore magna aliqua. Bibendum ut tristique et egestas quis ipsum suspendisse ultrices. Nec nam aliquam sem et tortor. Ut tortor pretium viverra suspendisse potenti nullam ac tortor. Nibh sit amet commodo nulla facilisi nullam vehicula ipsum. Euismod elementum nisi quis eleifend quam adipiscing. Proin sed libero enim sed faucibus turpis in. Amet aliquam id diam maecenas ultricies mi eget mauris. Nisl tincidunt eget nullam non nisi est sit amet facilisis. Sit amet massa vitae tortor condimentum lacinia quis vel. Mattis ullamcorper velit sed ullamcorper morbi tincidunt ornare. In fermentum posuere urna nec tincidunt praesent semper feugiat nibh. Eget est lorem ipsum dolor sit amet consectetur adipiscing. Odio euismod lacinia at quis. Sit amet consectetur adipiscing elit pellentesque. Magnis dis parturient montes nascetur ridiculus. Felis donec et odio pellentesque diam. Pulvinar elementum integer enim neque.<p/><p>Facilisi etiam dignissim diam quis enim lobortis scelerisque. Ullamcorper velit sed ullamcorper morbi. Nec dui nunc mattis enim ut tellus elementum. Rhoncus mattis rhoncus urna neque viverra justo nec ultrices. Fames ac turpis egestas maecenas pharetra convallis posuere morbi. Id volutpat lacus laoreet non curabitur gravida arcu. Est pellentesque elit ullamcorper dignissim cras tincidunt. Dapibus ultrices in iaculis nunc sed augue lacus viverra vitae. Quis ipsum suspendisse ultrices gravida. Et sollicitudin ac orci phasellus egestas tellus. Congue nisi vitae suscipit tellus mauris. Turpis massa tincidunt dui ut ornare. Porta nibh venenatis cras sed felis eget velit aliquet sagittis. Enim blandit volutpat maecenas volutpat blandit aliquam etiam erat velit. Donec pretium vulputate sapien nec. Eget sit amet tellus cras adipiscing. Sed id semper risus in hendrerit gravida rutrum quisque.</p>",
    "when": "Sep. 10 2023",
    "tags": ["personal", "work", "university"]
  },
  {
    "title": "Title 1",
    "body": "<p>Lorem ipsum dolor sit amet, consectetur adipiscing elit, sed do eiusmod tempor incididunt ut labore et dolore magna aliqua. Bibendum ut tristique et egestas quis ipsum suspendisse ultrices. Nec nam aliquam sem et tortor. Ut tortor pretium viverra suspendisse potenti nullam ac tortor. Nibh sit amet commodo nulla facilisi nullam vehicula ipsum. Euismod elementum nisi quis eleifend quam adipiscing. Proin sed libero enim sed faucibus turpis in. Amet aliquam id diam maecenas ultricies mi eget mauris. Nisl tincidunt eget nullam non nisi est sit amet facilisis. Sit amet massa vitae tortor condimentum lacinia quis vel. Mattis ullamcorper velit sed ullamcorper morbi tincidunt ornare. In fermentum posuere urna nec tincidunt praesent semper feugiat nibh. Eget est lorem ipsum dolor sit amet consectetur adipiscing. Odio euismod lacinia at quis. Sit amet consectetur adipiscing elit pellentesque. Magnis dis parturient montes nascetur ridiculus. Felis donec et odio pellentesque diam. Pulvinar elementum integer enim neque.<p/><p>Facilisi etiam dignissim diam quis enim lobortis scelerisque. Ullamcorper velit sed ullamcorper morbi. Nec dui nunc mattis enim ut tellus elementum. Rhoncus mattis rhoncus urna neque viverra justo nec ultrices. Fames ac turpis egestas maecenas pharetra convallis posuere morbi. Id volutpat lacus laoreet non curabitur gravida arcu. Est pellentesque elit ullamcorper dignissim cras tincidunt. Dapibus ultrices in iaculis nunc sed augue lacus viverra vitae. Quis ipsum suspendisse ultrices gravida. Et sollicitudin ac orci phasellus egestas tellus. Congue nisi vitae suscipit tellus mauris. Turpis massa tincidunt dui ut ornare. Porta nibh venenatis cras sed felis eget velit aliquet sagittis. Enim blandit volutpat maecenas volutpat blandit aliquam etiam erat velit. Donec pretium vulputate sapien nec. Eget sit amet tellus cras adipiscing. Sed id semper risus in hendrerit gravida rutrum quisque.</p>",
    "when": "Sep. 10 2023",
    "tags": ["personal", "work", "university"]
  },
  {
    "title": "Title 1",
    "body": "<p>Lorem ipsum dolor sit amet, consectetur adipiscing elit, sed do eiusmod tempor incididunt ut labore et dolore magna aliqua. Bibendum ut tristique et egestas quis ipsum suspendisse ultrices. Nec nam aliquam sem et tortor. Ut tortor pretium viverra suspendisse potenti nullam ac tortor. Nibh sit amet commodo nulla facilisi nullam vehicula ipsum. Euismod elementum nisi quis eleifend quam adipiscing. Proin sed libero enim sed faucibus turpis in. Amet aliquam id diam maecenas ultricies mi eget mauris. Nisl tincidunt eget nullam non nisi est sit amet facilisis. Sit amet massa vitae tortor condimentum lacinia quis vel. Mattis ullamcorper velit sed ullamcorper morbi tincidunt ornare. In fermentum posuere urna nec tincidunt praesent semper feugiat nibh. Eget est lorem ipsum dolor sit amet consectetur adipiscing. Odio euismod lacinia at quis. Sit amet consectetur adipiscing elit pellentesque. Magnis dis parturient montes nascetur ridiculus. Felis donec et odio pellentesque diam. Pulvinar elementum integer enim neque.<p/><p>Facilisi etiam dignissim diam quis enim lobortis scelerisque. Ullamcorper velit sed ullamcorper morbi. Nec dui nunc mattis enim ut tellus elementum. Rhoncus mattis rhoncus urna neque viverra justo nec ultrices. Fames ac turpis egestas maecenas pharetra convallis posuere morbi. Id volutpat lacus laoreet non curabitur gravida arcu. Est pellentesque elit ullamcorper dignissim cras tincidunt. Dapibus ultrices in iaculis nunc sed augue lacus viverra vitae. Quis ipsum suspendisse ultrices gravida. Et sollicitudin ac orci phasellus egestas tellus. Congue nisi vitae suscipit tellus mauris. Turpis massa tincidunt dui ut ornare. Porta nibh venenatis cras sed felis eget velit aliquet sagittis. Enim blandit volutpat maecenas volutpat blandit aliquam etiam erat velit. Donec pretium vulputate sapien nec. Eget sit amet tellus cras adipiscing. Sed id semper risus in hendrerit gravida rutrum quisque.</p>",
    "when": "Sep. 10 2023",
    "tags": ["personal", "work", "university"]
  },
  {
    "title": "Title 1",
    "body": "<p>Lorem ipsum dolor sit amet, consectetur adipiscing elit, sed do eiusmod tempor incididunt ut labore et dolore magna aliqua. Bibendum ut tristique et egestas quis ipsum suspendisse ultrices. Nec nam aliquam sem et tortor. Ut tortor pretium viverra suspendisse potenti nullam ac tortor. Nibh sit amet commodo nulla facilisi nullam vehicula ipsum. Euismod elementum nisi quis eleifend quam adipiscing. Proin sed libero enim sed faucibus turpis in. Amet aliquam id diam maecenas ultricies mi eget mauris. Nisl tincidunt eget nullam non nisi est sit amet facilisis. Sit amet massa vitae tortor condimentum lacinia quis vel. Mattis ullamcorper velit sed ullamcorper morbi tincidunt ornare. In fermentum posuere urna nec tincidunt praesent semper feugiat nibh. Eget est lorem ipsum dolor sit amet consectetur adipiscing. Odio euismod lacinia at quis. Sit amet consectetur adipiscing elit pellentesque. Magnis dis parturient montes nascetur ridiculus. Felis donec et odio pellentesque diam. Pulvinar elementum integer enim neque.<p/><p>Facilisi etiam dignissim diam quis enim lobortis scelerisque. Ullamcorper velit sed ullamcorper morbi. Nec dui nunc mattis enim ut tellus elementum. Rhoncus mattis rhoncus urna neque viverra justo nec ultrices. Fames ac turpis egestas maecenas pharetra convallis posuere morbi. Id volutpat lacus laoreet non curabitur gravida arcu. Est pellentesque elit ullamcorper dignissim cras tincidunt. Dapibus ultrices in iaculis nunc sed augue lacus viverra vitae. Quis ipsum suspendisse ultrices gravida. Et sollicitudin ac orci phasellus egestas tellus. Congue nisi vitae suscipit tellus mauris. Turpis massa tincidunt dui ut ornare. Porta nibh venenatis cras sed felis eget velit aliquet sagittis. Enim blandit volutpat maecenas volutpat blandit aliquam etiam erat velit. Donec pretium vulputate sapien nec. Eget sit amet tellus cras adipiscing. Sed id semper risus in hendrerit gravida rutrum quisque.</p>",
    "when": "Sep. 10 2023",
    "tags": ["personal", "work", "university"]
  },
  {
    "title": "Title 1",
    "body": "<p>Lorem ipsum dolor sit amet, consectetur adipiscing elit, sed do eiusmod tempor incididunt ut labore et dolore magna aliqua. Bibendum ut tristique et egestas quis ipsum suspendisse ultrices. Nec nam aliquam sem et tortor. Ut tortor pretium viverra suspendisse potenti nullam ac tortor. Nibh sit amet commodo nulla facilisi nullam vehicula ipsum. Euismod elementum nisi quis eleifend quam adipiscing. Proin sed libero enim sed faucibus turpis in. Amet aliquam id diam maecenas ultricies mi eget mauris. Nisl tincidunt eget nullam non nisi est sit amet facilisis. Sit amet massa vitae tortor condimentum lacinia quis vel. Mattis ullamcorper velit sed ullamcorper morbi tincidunt ornare. In fermentum posuere urna nec tincidunt praesent semper feugiat nibh. Eget est lorem ipsum dolor sit amet consectetur adipiscing. Odio euismod lacinia at quis. Sit amet consectetur adipiscing elit pellentesque. Magnis dis parturient montes nascetur ridiculus. Felis donec et odio pellentesque diam. Pulvinar elementum integer enim neque.<p/><p>Facilisi etiam dignissim diam quis enim lobortis scelerisque. Ullamcorper velit sed ullamcorper morbi. Nec dui nunc mattis enim ut tellus elementum. Rhoncus mattis rhoncus urna neque viverra justo nec ultrices. Fames ac turpis egestas maecenas pharetra convallis posuere morbi. Id volutpat lacus laoreet non curabitur gravida arcu. Est pellentesque elit ullamcorper dignissim cras tincidunt. Dapibus ultrices in iaculis nunc sed augue lacus viverra vitae. Quis ipsum suspendisse ultrices gravida. Et sollicitudin ac orci phasellus egestas tellus. Congue nisi vitae suscipit tellus mauris. Turpis massa tincidunt dui ut ornare. Porta nibh venenatis cras sed felis eget velit aliquet sagittis. Enim blandit volutpat maecenas volutpat blandit aliquam etiam erat velit. Donec pretium vulputate sapien nec. Eget sit amet tellus cras adipiscing. Sed id semper risus in hendrerit gravida rutrum quisque.</p>",
    "when": "Sep. 10 2023",
    "tags": ["personal", "work", "university"]
  },
  {
    "title": "Title 2",
    "body": "<p>Lorem ipsum dolor sit amet, consectetur adipiscing elit, sed do eiusmod tempor incididunt ut labore et dolore magna aliqua. Bibendum ut tristique et egestas quis ipsum suspendisse ultrices. Nec nam aliquam sem et tortor. Ut tortor pretium viverra suspendisse potenti nullam ac tortor. Nibh sit amet commodo nulla facilisi nullam vehicula ipsum. Euismod elementum nisi quis eleifend quam adipiscing. Proin sed libero enim sed faucibus turpis in. Amet aliquam id diam maecenas ultricies mi eget mauris. Nisl tincidunt eget nullam non nisi est sit amet facilisis. Sit amet massa vitae tortor condimentum lacinia quis vel. Mattis ullamcorper velit sed ullamcorper morbi tincidunt ornare. In fermentum posuere urna nec tincidunt praesent semper feugiat nibh. Eget est lorem ipsum dolor sit amet consectetur adipiscing. Odio euismod lacinia at quis. Sit amet consectetur adipiscing elit pellentesque. Magnis dis parturient montes nascetur ridiculus. Felis donec et odio pellentesque diam. Pulvinar elementum integer enim neque.<p/><p>Facilisi etiam dignissim diam quis enim lobortis scelerisque. Ullamcorper velit sed ullamcorper morbi. Nec dui nunc mattis enim ut tellus elementum. Rhoncus mattis rhoncus urna neque viverra justo nec ultrices. Fames ac turpis egestas maecenas pharetra convallis posuere morbi. Id volutpat lacus laoreet non curabitur gravida arcu. Est pellentesque elit ullamcorper dignissim cras tincidunt. Dapibus ultrices in iaculis nunc sed augue lacus viverra vitae. Quis ipsum suspendisse ultrices gravida. Et sollicitudin ac orci phasellus egestas tellus. Congue nisi vitae suscipit tellus mauris. Turpis massa tincidunt dui ut ornare. Porta nibh venenatis cras sed felis eget velit aliquet sagittis. Enim blandit volutpat maecenas volutpat blandit aliquam etiam erat velit. Donec pretium vulputate sapien nec. Eget sit amet tellus cras adipiscing. Sed id semper risus in hendrerit gravida rutrum quisque.</p>",
    "when": "Sep. 10 2023",
    "tags": ["personal", "work", "university"]
  },
  {
    "title": "Title 3",
    "body": "<p>Lorem ipsum dolor sit amet, consectetur adipiscing elit, sed do eiusmod tempor incididunt ut labore et dolore magna aliqua. Bibendum ut tristique et egestas quis ipsum suspendisse ultrices. Nec nam aliquam sem et tortor. Ut tortor pretium viverra suspendisse potenti nullam ac tortor. Nibh sit amet commodo nulla facilisi nullam vehicula ipsum. Euismod elementum nisi quis eleifend quam adipiscing. Proin sed libero enim sed faucibus turpis in. Amet aliquam id diam maecenas ultricies mi eget mauris. Nisl tincidunt eget nullam non nisi est sit amet facilisis. Sit amet massa vitae tortor condimentum lacinia quis vel. Mattis ullamcorper velit sed ullamcorper morbi tincidunt ornare. In fermentum posuere urna nec tincidunt praesent semper feugiat nibh. Eget est lorem ipsum dolor sit amet consectetur adipiscing. Odio euismod lacinia at quis. Sit amet consectetur adipiscing elit pellentesque. Magnis dis parturient montes nascetur ridiculus. Felis donec et odio pellentesque diam. Pulvinar elementum integer enim neque.<p/><p>Facilisi etiam dignissim diam quis enim lobortis scelerisque. Ullamcorper velit sed ullamcorper morbi. Nec dui nunc mattis enim ut tellus elementum. Rhoncus mattis rhoncus urna neque viverra justo nec ultrices. Fames ac turpis egestas maecenas pharetra convallis posuere morbi. Id volutpat lacus laoreet non curabitur gravida arcu. Est pellentesque elit ullamcorper dignissim cras tincidunt. Dapibus ultrices in iaculis nunc sed augue lacus viverra vitae. Quis ipsum suspendisse ultrices gravida. Et sollicitudin ac orci phasellus egestas tellus. Congue nisi vitae suscipit tellus mauris. Turpis massa tincidunt dui ut ornare. Porta nibh venenatis cras sed felis eget velit aliquet sagittis. Enim blandit volutpat maecenas volutpat blandit aliquam etiam erat velit. Donec pretium vulputate sapien nec. Eget sit amet tellus cras adipiscing. Sed id semper risus in hendrerit gravida rutrum quisque.</p>",
    "when": "Sep. 10 2023",
    "tags": ["personal", "work", "university"]
  },
  {
    "title": "Title 4",
    "body": "<p>Lorem ipsum dolor sit amet, consectetur adipiscing elit, sed do eiusmod tempor incididunt ut labore et dolore magna aliqua. Bibendum ut tristique et egestas quis ipsum suspendisse ultrices. Nec nam aliquam sem et tortor. Ut tortor pretium viverra suspendisse potenti nullam ac tortor. Nibh sit amet commodo nulla facilisi nullam vehicula ipsum. Euismod elementum nisi quis eleifend quam adipiscing. Proin sed libero enim sed faucibus turpis in. Amet aliquam id diam maecenas ultricies mi eget mauris. Nisl tincidunt eget nullam non nisi est sit amet facilisis. Sit amet massa vitae tortor condimentum lacinia quis vel. Mattis ullamcorper velit sed ullamcorper morbi tincidunt ornare. In fermentum posuere urna nec tincidunt praesent semper feugiat nibh. Eget est lorem ipsum dolor sit amet consectetur adipiscing. Odio euismod lacinia at quis. Sit amet consectetur adipiscing elit pellentesque. Magnis dis parturient montes nascetur ridiculus. Felis donec et odio pellentesque diam. Pulvinar elementum integer enim neque.<p/><p>Facilisi etiam dignissim diam quis enim lobortis scelerisque. Ullamcorper velit sed ullamcorper morbi. Nec dui nunc mattis enim ut tellus elementum. Rhoncus mattis rhoncus urna neque viverra justo nec ultrices. Fames ac turpis egestas maecenas pharetra convallis posuere morbi. Id volutpat lacus laoreet non curabitur gravida arcu. Est pellentesque elit ullamcorper dignissim cras tincidunt. Dapibus ultrices in iaculis nunc sed augue lacus viverra vitae. Quis ipsum suspendisse ultrices gravida. Et sollicitudin ac orci phasellus egestas tellus. Congue nisi vitae suscipit tellus mauris. Turpis massa tincidunt dui ut ornare. Porta nibh venenatis cras sed felis eget velit aliquet sagittis. Enim blandit volutpat maecenas volutpat blandit aliquam etiam erat velit. Donec pretium vulputate sapien nec. Eget sit amet tellus cras adipiscing. Sed id semper risus in hendrerit gravida rutrum quisque.</p>",
    "when": "Sep. 10 2023",
    "tags": ["personal", "work", "university"]
  },
  {
    "title": "Title 5",
    "body": "<p>Lorem ipsum dolor sit amet, consectetur adipiscing elit, sed do eiusmod tempor incididunt ut labore et dolore magna aliqua. Bibendum ut tristique et egestas quis ipsum suspendisse ultrices. Nec nam aliquam sem et tortor. Ut tortor pretium viverra suspendisse potenti nullam ac tortor. Nibh sit amet commodo nulla facilisi nullam vehicula ipsum. Euismod elementum nisi quis eleifend quam adipiscing. Proin sed libero enim sed faucibus turpis in. Amet aliquam id diam maecenas ultricies mi eget mauris. Nisl tincidunt eget nullam non nisi est sit amet facilisis. Sit amet massa vitae tortor condimentum lacinia quis vel. Mattis ullamcorper velit sed ullamcorper morbi tincidunt ornare. In fermentum posuere urna nec tincidunt praesent semper feugiat nibh. Eget est lorem ipsum dolor sit amet consectetur adipiscing. Odio euismod lacinia at quis. Sit amet consectetur adipiscing elit pellentesque. Magnis dis parturient montes nascetur ridiculus. Felis donec et odio pellentesque diam. Pulvinar elementum integer enim neque.<p/><p>Facilisi etiam dignissim diam quis enim lobortis scelerisque. Ullamcorper velit sed ullamcorper morbi. Nec dui nunc mattis enim ut tellus elementum. Rhoncus mattis rhoncus urna neque viverra justo nec ultrices. Fames ac turpis egestas maecenas pharetra convallis posuere morbi. Id volutpat lacus laoreet non curabitur gravida arcu. Est pellentesque elit ullamcorper dignissim cras tincidunt. Dapibus ultrices in iaculis nunc sed augue lacus viverra vitae. Quis ipsum suspendisse ultrices gravida. Et sollicitudin ac orci phasellus egestas tellus. Congue nisi vitae suscipit tellus mauris. Turpis massa tincidunt dui ut ornare. Porta nibh venenatis cras sed felis eget velit aliquet sagittis. Enim blandit volutpat maecenas volutpat blandit aliquam etiam erat velit. Donec pretium vulputate sapien nec. Eget sit amet tellus cras adipiscing. Sed id semper risus in hendrerit gravida rutrum quisque.</p>",
    "when": "Sep. 10 2023",
    "tags": ["personal", "work", "university"]
  },
  {
    "title": "Title 6",
    "body": "<p>Lorem ipsum dolor sit amet, consectetur adipiscing elit, sed do eiusmod tempor incididunt ut labore et dolore magna aliqua. Bibendum ut tristique et egestas quis ipsum suspendisse ultrices. Nec nam aliquam sem et tortor. Ut tortor pretium viverra suspendisse potenti nullam ac tortor. Nibh sit amet commodo nulla facilisi nullam vehicula ipsum. Euismod elementum nisi quis eleifend quam adipiscing. Proin sed libero enim sed faucibus turpis in. Amet aliquam id diam maecenas ultricies mi eget mauris. Nisl tincidunt eget nullam non nisi est sit amet facilisis. Sit amet massa vitae tortor condimentum lacinia quis vel. Mattis ullamcorper velit sed ullamcorper morbi tincidunt ornare. In fermentum posuere urna nec tincidunt praesent semper feugiat nibh. Eget est lorem ipsum dolor sit amet consectetur adipiscing. Odio euismod lacinia at quis. Sit amet consectetur adipiscing elit pellentesque. Magnis dis parturient montes nascetur ridiculus. Felis donec et odio pellentesque diam. Pulvinar elementum integer enim neque.<p/><p>Facilisi etiam dignissim diam quis enim lobortis scelerisque. Ullamcorper velit sed ullamcorper morbi. Nec dui nunc mattis enim ut tellus elementum. Rhoncus mattis rhoncus urna neque viverra justo nec ultrices. Fames ac turpis egestas maecenas pharetra convallis posuere morbi. Id volutpat lacus laoreet non curabitur gravida arcu. Est pellentesque elit ullamcorper dignissim cras tincidunt. Dapibus ultrices in iaculis nunc sed augue lacus viverra vitae. Quis ipsum suspendisse ultrices gravida. Et sollicitudin ac orci phasellus egestas tellus. Congue nisi vitae suscipit tellus mauris. Turpis massa tincidunt dui ut ornare. Porta nibh venenatis cras sed felis eget velit aliquet sagittis. Enim blandit volutpat maecenas volutpat blandit aliquam etiam erat velit. Donec pretium vulputate sapien nec. Eget sit amet tellus cras adipiscing. Sed id semper risus in hendrerit gravida rutrum quisque.</p>",
    "when": "Sep. 10 2023",
    "tags": ["personal", "work", "university"]
  }
]
